text,amount,category,type,payment_method
ăn buffet,19020,Ăn uống,expense,Chuyển khoản
mua mì tôm ở coopmart,65869,Ăn uống,expense,Tiền mặt
ăn bún bò,75332,Ăn uống,expense,Tiền mặt
uống cafe highlands,112232,Ăn uống,expense,Tiền mặt
mua mì tôm ở coopmart,31843,Ăn uống,expense,Thẻ ghi nợ
uống cafe highlands,48100,Ăn uống,expense,Chuyển khoản
ăn bánh tráng trộn,27112,Ăn uống,expense,Thẻ ghi nợ
uống cafe highlands,49788,Ăn uống,expense,Chuyển khoản
ăn buffet,35224,Ăn uống,expense,Tiền mặt
ăn cơm quán sinh viên,53528,Ăn uống,expense,Chuyển khoản
ăn buffet,118412,Ăn uống,expense,Chuyển khoản
ăn bún bò,46107,Ăn uống,expense,Ví điện tử
ăn bún bò,88072,Ăn uống,expense,Thẻ ghi nợ
uống cafe highlands,49745,Ăn uống,expense,Chuyển khoản
mua mì tôm ở coopmart,56027,Ăn uống,expense,Ví điện tử
uống cafe highlands,30432,Ăn uống,expense,Chuyển khoản
mua trà sữa,31108,Ăn uống,expense,Thẻ ghi nợ
mua mì tôm ở coopmart,43642,Ăn uống,expense,Thẻ tín dụng
mua trà chanh,55352,Ăn uống,expense,Tiền mặt
ăn cơm quán sinh viên,63186,Ăn uống,expense,Chuyển khoản
uống cafe highlands,100940,Ăn uống,expense,Thẻ ghi nợ
uống cafe highlands,114059,Ăn uống,expense,Thẻ ghi nợ
ăn buffet,39745,Ăn uống,expense,Ví điện tử
ăn bún bò,42230,Ăn uống,expense,Thẻ tín dụng
ăn bánh tráng trộn,42567,Ăn uống,expense,Thẻ tín dụng
ăn bún bò,78483,Ăn uống,expense,Chuyển khoản
uống cafe highlands,91220,Ăn uống,expense,Chuyển khoản
mua mì tôm ở coopmart,65236,Ăn uống,expense,Tiền mặt
ăn bún bò,118967,Ăn uống,expense,Ví điện tử
ăn bánh tráng trộn,116544,Ăn uống,expense,Ví điện tử
ăn bún bò,64741,Ăn uống,expense,Thẻ ghi nợ
mua trà sữa,18513,Ăn uống,expense,Chuyển khoản
ăn cơm quán sinh viên,57573,Ăn uống,expense,Thẻ ghi nợ
mua trà sữa,106455,Ăn uống,expense,Tiền mặt
mua mì tôm ở coopmart,21933,Ăn uống,expense,Chuyển khoản
ăn bánh tráng trộn,65863,Ăn uống,expense,Ví điện tử
ăn cơm quán sinh viên,66332,Ăn uống,expense,Tiền mặt
ăn buffet,61251,Ăn uống,expense,Chuyển khoản
mua trà chanh,50252,Ăn uống,expense,Tiền mặt
mua trà sữa,82914,Ăn uống,expense,Thẻ ghi nợ
mua trà chanh,58152,Ăn uống,expense,Thẻ tín dụng
mua trà chanh,47938,Ăn uống,expense,Thẻ tín dụng
ăn bún bò,92624,Ăn uống,expense,Thẻ ghi nợ
mua trà sữa,48792,Ăn uống,expense,Thẻ tín dụng
mua mì tôm ở coopmart,98919,Ăn uống,expense,Thẻ tín dụng
ăn cơm quán sinh viên,81481,Ăn uống,expense,Tiền mặt
mua trà chanh,34071,Ăn uống,expense,Chuyển khoản
mua trà chanh,118510,Ăn uống,expense,Thẻ tín dụng
ăn bánh tráng trộn,108742,Ăn uống,expense,Thẻ tín dụng
ăn buffet,19980,Ăn uống,expense,Tiền mặt
ăn bánh tráng trộn,65455,Ăn uống,expense,Tiền mặt
ăn cơm quán sinh viên,29143,Ăn uống,expense,Tiền mặt
ăn bánh tráng trộn,99549,Ăn uống,expense,Thẻ tín dụng
ăn bánh tráng trộn,97610,Ăn uống,expense,Thẻ ghi nợ
ăn buffet,114079,Ăn uống,expense,Chuyển khoản
mua trà sữa,15119,Ăn uống,expense,Ví điện tử
mua trà sữa,115325,Ăn uống,expense,Tiền mặt
mua trà chanh,76654,Ăn uống,expense,Tiền mặt
ăn bánh tráng trộn,26516,Ăn uống,expense,Thẻ tín dụng
ăn bánh tráng trộn,90672,Ăn uống,expense,Thẻ ghi nợ
mua trà chanh,72418,Ăn uống,expense,Ví điện tử
mua mì tôm ở coopmart,58285,Ăn uống,expense,Thẻ ghi nợ
ăn buffet,65665,Ăn uống,expense,Ví điện tử
mua trà chanh,83876,Ăn uống,expense,Ví điện tử
mua trà sữa,109895,Ăn uống,expense,Chuyển khoản
mua trà chanh,58114,Ăn uống,expense,Chuyển khoản
uống cafe highlands,16915,Ăn uống,expense,Thẻ tín dụng
mua trà sữa,18427,Ăn uống,expense,Ví điện tử
mua mì tôm ở coopmart,83152,Ăn uống,expense,Thẻ tín dụng
ăn bánh tráng trộn,59182,Ăn uống,expense,Tiền mặt
mua mì tôm ở coopmart,105481,Ăn uống,expense,Tiền mặt
ăn buffet,117298,Ăn uống,expense,Tiền mặt
ăn bún bò,47458,Ăn uống,expense,Thẻ ghi nợ
ăn buffet,110350,Ăn uống,expense,Tiền mặt
ăn bánh tráng trộn,117909,Ăn uống,expense,Thẻ tín dụng
mua mì tôm ở coopmart,53835,Ăn uống,expense,Chuyển khoản
uống cafe highlands,108158,Ăn uống,expense,Tiền mặt
ăn cơm quán sinh viên,69761,Ăn uống,expense,Thẻ tín dụng
uống cafe highlands,73984,Ăn uống,expense,Thẻ tín dụng
ăn buffet,18632,Ăn uống,expense,Thẻ ghi nợ
mua mì tôm ở coopmart,104602,Ăn uống,expense,Thẻ ghi nợ
ăn bánh tráng trộn,88160,Ăn uống,expense,Ví điện tử
ăn cơm quán sinh viên,81406,Ăn uống,expense,Chuyển khoản
mua mì tôm ở coopmart,20217,Ăn uống,expense,Thẻ tín dụng
ăn buffet,117635,Ăn uống,expense,Thẻ ghi nợ
mua trà chanh,79245,Ăn uống,expense,Ví điện tử
ăn cơm quán sinh viên,94281,Ăn uống,expense,Thẻ ghi nợ
ăn bánh tráng trộn,113960,Ăn uống,expense,Chuyển khoản
ăn bún bò,115263,Ăn uống,expense,Thẻ ghi nợ
mua mì tôm ở coopmart,56788,Ăn uống,expense,Thẻ tín dụng
ăn buffet,50907,Ăn uống,expense,Thẻ tín dụng
ăn cơm quán sinh viên,93213,Ăn uống,expense,Thẻ tín dụng
ăn bánh tráng trộn,26997,Ăn uống,expense,Chuyển khoản
mua trà chanh,54088,Ăn uống,expense,Tiền mặt
mua trà sữa,30047,Ăn uống,expense,Thẻ ghi nợ
mua trà sữa,29909,Ăn uống,expense,Ví điện tử
mua trà sữa,44746,Ăn uống,expense,Ví điện tử
ăn bún bò,98907,Ăn uống,expense,Thẻ tín dụng
ăn bún bò,80429,Ăn uống,expense,Chuyển khoản
ăn buffet,17798,Ăn uống,expense,Thẻ ghi nợ
uống cafe highlands,31219,Ăn uống,expense,Chuyển khoản
uống cafe highlands,119271,Ăn uống,expense,Ví điện tử
ăn cơm quán sinh viên,92237,Ăn uống,expense,Chuyển khoản
mua mì tôm ở coopmart,76983,Ăn uống,expense,Chuyển khoản
ăn buffet,71788,Ăn uống,expense,Chuyển khoản
ăn buffet,53886,Ăn uống,expense,Thẻ ghi nợ
ăn bánh tráng trộn,31010,Ăn uống,expense,Thẻ tín dụng
uống cafe highlands,104053,Ăn uống,expense,Thẻ ghi nợ
ăn bánh tráng trộn,117884,Ăn uống,expense,Tiền mặt
mua mì tôm ở coopmart,105660,Ăn uống,expense,Ví điện tử
ăn bánh tráng trộn,32351,Ăn uống,expense,Ví điện tử
uống cafe highlands,74173,Ăn uống,expense,Tiền mặt
mua trà sữa,24584,Ăn uống,expense,Thẻ ghi nợ
mua trà chanh,82294,Ăn uống,expense,Tiền mặt
ăn buffet,60373,Ăn uống,expense,Thẻ tín dụng
ăn buffet,119693,Ăn uống,expense,Thẻ ghi nợ
mua trà chanh,31927,Ăn uống,expense,Chuyển khoản
mua mì tôm ở coopmart,34561,Ăn uống,expense,Ví điện tử
uống cafe highlands,52243,Ăn uống,expense,Thẻ tín dụng
mua trà chanh,107150,Ăn uống,expense,Thẻ tín dụng
mua mì tôm ở coopmart,82940,Ăn uống,expense,Thẻ tín dụng
mua trà sữa,19979,Ăn uống,expense,Ví điện tử
ăn bún bò,87236,Ăn uống,expense,Ví điện tử
mua trà sữa,58806,Ăn uống,expense,Thẻ tín dụng
mua trà sữa,88527,Ăn uống,expense,Tiền mặt
ăn cơm quán sinh viên,22401,Ăn uống,expense,Chuyển khoản
ăn bún bò,105403,Ăn uống,expense,Ví điện tử
uống cafe highlands,39475,Ăn uống,expense,Chuyển khoản
ăn cơm quán sinh viên,99982,Ăn uống,expense,Ví điện tử
uống cafe highlands,85307,Ăn uống,expense,Tiền mặt
mua mì tôm ở coopmart,80217,Ăn uống,expense,Chuyển khoản
ăn buffet,35938,Ăn uống,expense,Thẻ tín dụng
ăn buffet,64492,Ăn uống,expense,Chuyển khoản
uống cafe highlands,33411,Ăn uống,expense,Thẻ tín dụng
mua trà sữa,63766,Ăn uống,expense,Thẻ ghi nợ
ăn cơm quán sinh viên,39099,Ăn uống,expense,Tiền mặt
mua trà chanh,31123,Ăn uống,expense,Chuyển khoản
uống cafe highlands,113623,Ăn uống,expense,Thẻ tín dụng
mua trà chanh,16341,Ăn uống,expense,Chuyển khoản
mua trà chanh,52186,Ăn uống,expense,Thẻ tín dụng
ăn cơm quán sinh viên,24220,Ăn uống,expense,Thẻ tín dụng
uống cafe highlands,66150,Ăn uống,expense,Thẻ tín dụng
ăn buffet,102012,Ăn uống,expense,Chuyển khoản
mua mì tôm ở coopmart,49752,Ăn uống,expense,Thẻ ghi nợ
uống cafe highlands,56625,Ăn uống,expense,Thẻ tín dụng
ăn bún bò,53834,Ăn uống,expense,Tiền mặt
mua mì tôm ở coopmart,84677,Ăn uống,expense,Chuyển khoản
mua mì tôm ở coopmart,49454,Ăn uống,expense,Thẻ tín dụng
uống cafe highlands,47800,Ăn uống,expense,Tiền mặt
ăn bún bò,109208,Ăn uống,expense,Tiền mặt
rửa xe,77266,Di chuyển,expense,Thẻ ghi nợ
rửa xe,46313,Di chuyển,expense,Tiền mặt
đi xe buýt,40813,Di chuyển,expense,Thẻ tín dụng
đi xe buýt,35052,Di chuyển,expense,Tiền mặt
rửa xe,16983,Di chuyển,expense,Chuyển khoản
rửa xe,25638,Di chuyển,expense,Chuyển khoản
đi grab,37444,Di chuyển,expense,Ví điện tử
gửi xe ĐH,71635,Di chuyển,expense,Thẻ ghi nợ
đổ xăng,46811,Di chuyển,expense,Thẻ ghi nợ
đổ xăng,71139,Di chuyển,expense,Thẻ tín dụng
đi xe buýt,49764,Di chuyển,expense,Tiền mặt
đi xe buýt,38984,Di chuyển,expense,Thẻ ghi nợ
đi grab,51699,Di chuyển,expense,Thẻ tín dụng
đổ xăng,35739,Di chuyển,expense,Chuyển khoản
đổ xăng,75471,Di chuyển,expense,Thẻ ghi nợ
đi xe buýt,51257,Di chuyển,expense,Ví điện tử
đổ xăng,23194,Di chuyển,expense,Thẻ tín dụng
đi grab,47390,Di chuyển,expense,Thẻ ghi nợ
đi grab,14244,Di chuyển,expense,Thẻ tín dụng
đổ xăng,34364,Di chuyển,expense,Thẻ ghi nợ
đi grab,45318,Di chuyển,expense,Chuyển khoản
đi grab,22025,Di chuyển,expense,Ví điện tử
rửa xe,58777,Di chuyển,expense,Tiền mặt
đổ xăng,43242,Di chuyển,expense,Tiền mặt
gửi xe ĐH,63000,Di chuyển,expense,Thẻ ghi nợ
đi grab,75041,Di chuyển,expense,Ví điện tử
gửi xe ĐH,33775,Di chuyển,expense,Thẻ tín dụng
gửi xe ĐH,31961,Di chuyển,expense,Thẻ tín dụng
đổ xăng,42814,Di chuyển,expense,Thẻ ghi nợ
đi grab,54997,Di chuyển,expense,Thẻ ghi nợ
gửi xe ĐH,47525,Di chuyển,expense,Thẻ ghi nợ
đổ xăng,44777,Di chuyển,expense,Tiền mặt
đi xe buýt,10657,Di chuyển,expense,Chuyển khoản
đi grab,36880,Di chuyển,expense,Thẻ ghi nợ
rửa xe,32021,Di chuyển,expense,Chuyển khoản
đổ xăng,19118,Di chuyển,expense,Ví điện tử
gửi xe ĐH,55273,Di chuyển,expense,Thẻ tín dụng
rửa xe,44434,Di chuyển,expense,Thẻ ghi nợ
rửa xe,23331,Di chuyển,expense,Chuyển khoản
gửi xe ĐH,32537,Di chuyển,expense,Ví điện tử
gửi xe ĐH,65279,Di chuyển,expense,Chuyển khoản
đổ xăng,66001,Di chuyển,expense,Tiền mặt
rửa xe,54063,Di chuyển,expense,Thẻ ghi nợ
gửi xe ĐH,48527,Di chuyển,expense,Thẻ ghi nợ
đi grab,36137,Di chuyển,expense,Thẻ tín dụng
rửa xe,32813,Di chuyển,expense,Tiền mặt
gửi xe ĐH,54161,Di chuyển,expense,Chuyển khoản
đi xe buýt,35375,Di chuyển,expense,Tiền mặt
đổ xăng,47150,Di chuyển,expense,Tiền mặt
rửa xe,71931,Di chuyển,expense,Thẻ ghi nợ
gửi xe ĐH,70921,Di chuyển,expense,Thẻ ghi nợ
đi xe buýt,49096,Di chuyển,expense,Thẻ ghi nợ
đi grab,38222,Di chuyển,expense,Chuyển khoản
gửi xe ĐH,76055,Di chuyển,expense,Thẻ ghi nợ
đi xe buýt,31709,Di chuyển,expense,Chuyển khoản
gửi xe ĐH,20425,Di chuyển,expense,Chuyển khoản
gửi xe ĐH,28320,Di chuyển,expense,Ví điện tử
đổ xăng,62621,Di chuyển,expense,Ví điện tử
đổ xăng,14245,Di chuyển,expense,Tiền mặt
gửi xe ĐH,70380,Di chuyển,expense,Thẻ tín dụng
gửi xe ĐH,40819,Di chuyển,expense,Ví điện tử
đổ xăng,67655,Di chuyển,expense,Tiền mặt
đi xe buýt,22331,Di chuyển,expense,Tiền mặt
rửa xe,22403,Di chuyển,expense,Thẻ tín dụng
rửa xe,54811,Di chuyển,expense,Ví điện tử
đổ xăng,16422,Di chuyển,expense,Chuyển khoản
đi xe buýt,49930,Di chuyển,expense,Tiền mặt
rửa xe,28499,Di chuyển,expense,Thẻ tín dụng
rửa xe,44592,Di chuyển,expense,Thẻ ghi nợ
gửi xe ĐH,31973,Di chuyển,expense,Thẻ tín dụng
gửi xe ĐH,34001,Di chuyển,expense,Tiền mặt
đổ xăng,17102,Di chuyển,expense,Chuyển khoản
gửi xe ĐH,71156,Di chuyển,expense,Ví điện tử
đi grab,25979,Di chuyển,expense,Ví điện tử
đi xe buýt,64467,Di chuyển,expense,Thẻ ghi nợ
đi grab,26924,Di chuyển,expense,Chuyển khoản
gửi xe ĐH,17862,Di chuyển,expense,Thẻ ghi nợ
gửi xe ĐH,45286,Di chuyển,expense,Tiền mặt
đi xe buýt,44251,Di chuyển,expense,Chuyển khoản
đi xe buýt,69217,Di chuyển,expense,Ví điện tử
đi xe buýt,65408,Di chuyển,expense,Ví điện tử
gửi xe ĐH,16532,Di chuyển,expense,Chuyển khoản
rửa xe,19989,Di chuyển,expense,Chuyển khoản
đi grab,40910,Di chuyển,expense,Chuyển khoản
đổ xăng,22463,Di chuyển,expense,Chuyển khoản
đi grab,37347,Di chuyển,expense,Chuyển khoản
gửi xe ĐH,24521,Di chuyển,expense,Thẻ ghi nợ
đi xe buýt,14160,Di chuyển,expense,Chuyển khoản
đi xe buýt,23993,Di chuyển,expense,Ví điện tử
đi grab,25369,Di chuyển,expense,Thẻ ghi nợ
gửi xe ĐH,49342,Di chuyển,expense,Chuyển khoản
rửa xe,78881,Di chuyển,expense,Ví điện tử
gửi xe ĐH,42070,Di chuyển,expense,Thẻ tín dụng
đi grab,71923,Di chuyển,expense,Chuyển khoản
đi xe buýt,66296,Di chuyển,expense,Chuyển khoản
gửi xe ĐH,39374,Di chuyển,expense,Chuyển khoản
rửa xe,12241,Di chuyển,expense,Tiền mặt
gửi xe ĐH,41132,Di chuyển,expense,Ví điện tử
đi grab,67468,Di chuyển,expense,Thẻ tín dụng
gửi xe ĐH,40129,Di chuyển,expense,Chuyển khoản
rửa xe,26094,Di chuyển,expense,Thẻ ghi nợ
đi xe buýt,68611,Di chuyển,expense,Chuyển khoản
gửi xe ĐH,45365,Di chuyển,expense,Tiền mặt
rửa xe,63751,Di chuyển,expense,Ví điện tử
gửi xe ĐH,10471,Di chuyển,expense,Ví điện tử
đổ xăng,32694,Di chuyển,expense,Thẻ ghi nợ
đi grab,20240,Di chuyển,expense,Thẻ ghi nợ
rửa xe,16423,Di chuyển,expense,Tiền mặt
đi xe buýt,54324,Di chuyển,expense,Thẻ tín dụng
đổ xăng,33372,Di chuyển,expense,Thẻ tín dụng
đổ xăng,34300,Di chuyển,expense,Tiền mặt
gửi xe ĐH,75213,Di chuyển,expense,Thẻ ghi nợ
đổ xăng,47911,Di chuyển,expense,Tiền mặt
gửi xe ĐH,79078,Di chuyển,expense,Chuyển khoản
đổ xăng,74920,Di chuyển,expense,Ví điện tử
đổ xăng,18148,Di chuyển,expense,Thẻ ghi nợ
đổ xăng,53432,Di chuyển,expense,Thẻ ghi nợ
gửi xe ĐH,23038,Di chuyển,expense,Chuyển khoản
đổ xăng,78916,Di chuyển,expense,Thẻ tín dụng
gửi xe ĐH,24826,Di chuyển,expense,Thẻ tín dụng
chơi game net,32161,Giải trí,expense,Chuyển khoản
xem phim CGV,96060,Giải trí,expense,Tiền mặt
uống beer,100400,Giải trí,expense,Thẻ ghi nợ
chơi game net,86464,Giải trí,expense,Thẻ tín dụng
uống beer,87597,Giải trí,expense,Ví điện tử
chơi game net,91892,Giải trí,expense,Tiền mặt
đi karaoke,161056,Giải trí,expense,Thẻ tín dụng
uống beer,175390,Giải trí,expense,Thẻ ghi nợ
chơi game net,183633,Giải trí,expense,Chuyển khoản
chơi game net,62647,Giải trí,expense,Thẻ tín dụng
uống beer,96055,Giải trí,expense,Thẻ ghi nợ
uống beer,57174,Giải trí,expense,Thẻ ghi nợ
chơi bida,87901,Giải trí,expense,Thẻ tín dụng
uống beer,197630,Giải trí,expense,Thẻ ghi nợ
chơi bida,165738,Giải trí,expense,Ví điện tử
uống beer,46192,Giải trí,expense,Thẻ tín dụng
đi karaoke,105130,Giải trí,expense,Tiền mặt
chơi game net,87823,Giải trí,expense,Thẻ ghi nợ
chơi game net,194743,Giải trí,expense,Thẻ tín dụng
chơi bida,181274,Giải trí,expense,Ví điện tử
đi karaoke,74351,Giải trí,expense,Tiền mặt
xem phim CGV,126105,Giải trí,expense,Chuyển khoản
đi karaoke,133208,Giải trí,expense,Tiền mặt
uống beer,52900,Giải trí,expense,Thẻ tín dụng
chơi game net,110415,Giải trí,expense,Tiền mặt
đi karaoke,152554,Giải trí,expense,Thẻ tín dụng
xem phim CGV,198770,Giải trí,expense,Chuyển khoản
đi karaoke,147195,Giải trí,expense,Tiền mặt
uống beer,168279,Giải trí,expense,Thẻ ghi nợ
đi karaoke,39010,Giải trí,expense,Ví điện tử
xem phim CGV,53670,Giải trí,expense,Ví điện tử
chơi game net,90060,Giải trí,expense,Chuyển khoản
xem phim CGV,187700,Giải trí,expense,Thẻ ghi nợ
chơi bida,170569,Giải trí,expense,Ví điện tử
chơi bida,93402,Giải trí,expense,Chuyển khoản
xem phim CGV,147721,Giải trí,expense,Tiền mặt
đi karaoke,49250,Giải trí,expense,Tiền mặt
xem phim CGV,116941,Giải trí,expense,Chuyển khoản
chơi game net,187890,Giải trí,expense,Chuyển khoản
uống beer,171970,Giải trí,expense,Tiền mặt
chơi game net,148486,Giải trí,expense,Thẻ ghi nợ
đi karaoke,81747,Giải trí,expense,Ví điện tử
đi karaoke,194398,Giải trí,expense,Chuyển khoản
uống beer,88927,Giải trí,expense,Thẻ ghi nợ
uống beer,37485,Giải trí,expense,Thẻ ghi nợ
chơi bida,86640,Giải trí,expense,Ví điện tử
chơi game net,166529,Giải trí,expense,Ví điện tử
xem phim CGV,111000,Giải trí,expense,Ví điện tử
uống beer,48356,Giải trí,expense,Thẻ ghi nợ
chơi bida,34859,Giải trí,expense,Ví điện tử
chơi game net,70034,Giải trí,expense,Thẻ tín dụng
xem phim CGV,90263,Giải trí,expense,Thẻ tín dụng
chơi bida,102038,Giải trí,expense,Thẻ ghi nợ
chơi bida,194601,Giải trí,expense,Chuyển khoản
đi karaoke,61497,Giải trí,expense,Tiền mặt
chơi game net,41468,Giải trí,expense,Thẻ tín dụng
chơi bida,91413,Giải trí,expense,Thẻ tín dụng
đi karaoke,192612,Giải trí,expense,Ví điện tử
uống beer,44046,Giải trí,expense,Tiền mặt
xem phim CGV,79186,Giải trí,expense,Thẻ tín dụng
uống beer,34829,Giải trí,expense,Ví điện tử
uống beer,198459,Giải trí,expense,Thẻ tín dụng
đi karaoke,195483,Giải trí,expense,Tiền mặt
đi karaoke,68297,Giải trí,expense,Tiền mặt
đi karaoke,91698,Giải trí,expense,Thẻ ghi nợ
uống beer,191682,Giải trí,expense,Thẻ ghi nợ
chơi game net,65361,Giải trí,expense,Chuyển khoản
đi karaoke,36122,Giải trí,expense,Thẻ tín dụng
chơi game net,66139,Giải trí,expense,Tiền mặt
chơi game net,133971,Giải trí,expense,Thẻ ghi nợ
uống beer,189315,Giải trí,expense,Tiền mặt
chơi game net,155219,Giải trí,expense,Thẻ tín dụng
chơi bida,148691,Giải trí,expense,Ví điện tử
chơi game net,160119,Giải trí,expense,Thẻ ghi nợ
đi karaoke,168027,Giải trí,expense,Tiền mặt
đi karaoke,161343,Giải trí,expense,Thẻ ghi nợ
chơi bida,151907,Giải trí,expense,Chuyển khoản
uống beer,95241,Giải trí,expense,Tiền mặt
đi karaoke,109213,Giải trí,expense,Thẻ tín dụng
uống beer,82637,Giải trí,expense,Tiền mặt
xem phim CGV,56000,Giải trí,expense,Thẻ tín dụng
chơi game net,112472,Giải trí,expense,Thẻ tín dụng
uống beer,161568,Giải trí,expense,Thẻ ghi nợ
chơi game net,76945,Giải trí,expense,Thẻ tín dụng
đi karaoke,153715,Giải trí,expense,Thẻ ghi nợ
xem phim CGV,52243,Giải trí,expense,Tiền mặt
uống beer,97032,Giải trí,expense,Thẻ tín dụng
đi karaoke,168720,Giải trí,expense,Thẻ tín dụng
uống beer,55491,Giải trí,expense,Chuyển khoản
uống beer,86128,Giải trí,expense,Thẻ ghi nợ
xem phim CGV,184825,Giải trí,expense,Chuyển khoản
uống beer,146585,Giải trí,expense,Thẻ ghi nợ
xem phim CGV,151414,Giải trí,expense,Chuyển khoản
uống beer,84014,Giải trí,expense,Chuyển khoản
đi karaoke,73255,Giải trí,expense,Thẻ ghi nợ
chơi game net,166498,Giải trí,expense,Thẻ ghi nợ
chơi bida,112700,Giải trí,expense,Thẻ tín dụng
chơi bida,64203,Giải trí,expense,Thẻ tín dụng
chơi bida,166847,Giải trí,expense,Thẻ ghi nợ
xem phim CGV,47696,Giải trí,expense,Tiền mặt
uống beer,104712,Giải trí,expense,Thẻ ghi nợ
xem phim CGV,46891,Giải trí,expense,Tiền mặt
chơi game net,187335,Giải trí,expense,Thẻ ghi nợ
chơi bida,198096,Giải trí,expense,Ví điện tử
chơi bida,93289,Giải trí,expense,Tiền mặt
xem phim CGV,60450,Giải trí,expense,Chuyển khoản
chơi bida,49641,Giải trí,expense,Chuyển khoản
xem phim CGV,47467,Giải trí,expense,Thẻ tín dụng
chơi game net,168776,Giải trí,expense,Thẻ ghi nợ
uống beer,75077,Giải trí,expense,Tiền mặt
đi karaoke,185092,Giải trí,expense,Chuyển khoản
đi karaoke,178547,Giải trí,expense,Tiền mặt
uống beer,184904,Giải trí,expense,Thẻ ghi nợ
xem phim CGV,153638,Giải trí,expense,Ví điện tử
xem phim CGV,102055,Giải trí,expense,Ví điện tử
đi karaoke,141706,Giải trí,expense,Thẻ ghi nợ
chơi bida,67827,Giải trí,expense,Thẻ tín dụng
chơi bida,193165,Giải trí,expense,Thẻ ghi nợ
đi karaoke,65347,Giải trí,expense,Tiền mặt
xem phim CGV,53964,Giải trí,expense,Chuyển khoản
mua balo,286831,Mua sắm,expense,Chuyển khoản
mua giày sneaker,420531,Mua sắm,expense,Thẻ tín dụng
mua balo,136294,Mua sắm,expense,Thẻ tín dụng
mua quần jean,427382,Mua sắm,expense,Thẻ tín dụng
mua balo,585511,Mua sắm,expense,Chuyển khoản
mua giày sneaker,321781,Mua sắm,expense,Thẻ ghi nợ
mua tai nghe,535663,Mua sắm,expense,Thẻ tín dụng
mua quần jean,585453,Mua sắm,expense,Thẻ ghi nợ
mua balo,714500,Mua sắm,expense,Tiền mặt
mua balo,444786,Mua sắm,expense,Thẻ ghi nợ
mua tai nghe,185073,Mua sắm,expense,Chuyển khoản
mua tai nghe,194892,Mua sắm,expense,Ví điện tử
mua balo,341906,Mua sắm,expense,Ví điện tử
mua giày sneaker,786413,Mua sắm,expense,Tiền mặt
mua tai nghe,85165,Mua sắm,expense,Tiền mặt
mua quần jean,451980,Mua sắm,expense,Thẻ tín dụng
mua quần jean,154110,Mua sắm,expense,Tiền mặt
mua áo thun,687226,Mua sắm,expense,Thẻ ghi nợ
mua quần jean,123007,Mua sắm,expense,Thẻ tín dụng
mua quần jean,485331,Mua sắm,expense,Tiền mặt
mua quần jean,596354,Mua sắm,expense,Tiền mặt
mua tai nghe,679218,Mua sắm,expense,Chuyển khoản
mua giày sneaker,293904,Mua sắm,expense,Chuyển khoản
mua áo thun,187944,Mua sắm,expense,Chuyển khoản
mua balo,60265,Mua sắm,expense,Thẻ tín dụng
mua giày sneaker,323166,Mua sắm,expense,Tiền mặt
mua balo,647213,Mua sắm,expense,Ví điện tử
mua quần jean,94753,Mua sắm,expense,Thẻ ghi nợ
mua tai nghe,447348,Mua sắm,expense,Chuyển khoản
mua giày sneaker,424315,Mua sắm,expense,Ví điện tử
mua áo thun,431755,Mua sắm,expense,Thẻ tín dụng
mua balo,257378,Mua sắm,expense,Thẻ tín dụng
mua giày sneaker,761515,Mua sắm,expense,Ví điện tử
mua balo,62582,Mua sắm,expense,Chuyển khoản
mua áo thun,137154,Mua sắm,expense,Thẻ ghi nợ
mua giày sneaker,594093,Mua sắm,expense,Thẻ tín dụng
mua quần jean,365187,Mua sắm,expense,Thẻ ghi nợ
mua giày sneaker,527218,Mua sắm,expense,Tiền mặt
mua tai nghe,455347,Mua sắm,expense,Thẻ tín dụng
mua tai nghe,410905,Mua sắm,expense,Chuyển khoản
mua quần jean,308493,Mua sắm,expense,Thẻ ghi nợ
mua quần jean,137470,Mua sắm,expense,Ví điện tử
mua balo,592677,Mua sắm,expense,Thẻ ghi nợ
mua tai nghe,595843,Mua sắm,expense,Chuyển khoản
mua tai nghe,273368,Mua sắm,expense,Tiền mặt
mua giày sneaker,253684,Mua sắm,expense,Chuyển khoản
mua balo,260361,Mua sắm,expense,Thẻ tín dụng
mua giày sneaker,395024,Mua sắm,expense,Thẻ ghi nợ
mua balo,698456,Mua sắm,expense,Thẻ tín dụng
mua giày sneaker,751000,Mua sắm,expense,Ví điện tử
mua tai nghe,782028,Mua sắm,expense,Thẻ tín dụng
mua quần jean,560619,Mua sắm,expense,Ví điện tử
mua áo thun,707861,Mua sắm,expense,Chuyển khoản
mua quần jean,451984,Mua sắm,expense,Tiền mặt
mua giày sneaker,469360,Mua sắm,expense,Thẻ ghi nợ
mua quần jean,747758,Mua sắm,expense,Chuyển khoản
mua tai nghe,765693,Mua sắm,expense,Chuyển khoản
mua quần jean,201390,Mua sắm,expense,Tiền mặt
mua balo,105731,Mua sắm,expense,Chuyển khoản
mua áo thun,725880,Mua sắm,expense,Ví điện tử
mua giày sneaker,139330,Mua sắm,expense,Ví điện tử
mua giày sneaker,790911,Mua sắm,expense,Tiền mặt
mua balo,602477,Mua sắm,expense,Tiền mặt
mua balo,547440,Mua sắm,expense,Thẻ tín dụng
mua quần jean,544283,Mua sắm,expense,Tiền mặt
mua tai nghe,111710,Mua sắm,expense,Thẻ ghi nợ
mua balo,336436,Mua sắm,expense,Thẻ tín dụng
mua giày sneaker,763772,Mua sắm,expense,Chuyển khoản
mua quần jean,277167,Mua sắm,expense,Tiền mặt
mua áo thun,717164,Mua sắm,expense,Ví điện tử
mua áo thun,418309,Mua sắm,expense,Thẻ tín dụng
mua áo thun,399579,Mua sắm,expense,Thẻ tín dụng
mua quần jean,656774,Mua sắm,expense,Ví điện tử
mua quần jean,269969,Mua sắm,expense,Ví điện tử
mua quần jean,411682,Mua sắm,expense,Thẻ ghi nợ
mua áo thun,445215,Mua sắm,expense,Ví điện tử
mua áo thun,708790,Mua sắm,expense,Chuyển khoản
mua tai nghe,668502,Mua sắm,expense,Tiền mặt
mua áo thun,195663,Mua sắm,expense,Thẻ ghi nợ
mua tai nghe,376472,Mua sắm,expense,Thẻ ghi nợ
mua giày sneaker,58802,Mua sắm,expense,Chuyển khoản
mua tai nghe,426335,Mua sắm,expense,Ví điện tử
mua áo thun,303285,Mua sắm,expense,Tiền mặt
mua giày sneaker,240161,Mua sắm,expense,Tiền mặt
mua balo,645543,Mua sắm,expense,Chuyển khoản
mua balo,407011,Mua sắm,expense,Tiền mặt
mua quần jean,651297,Mua sắm,expense,Thẻ tín dụng
mua tai nghe,205375,Mua sắm,expense,Thẻ tín dụng
mua giày sneaker,300776,Mua sắm,expense,Thẻ tín dụng
mua tai nghe,156928,Mua sắm,expense,Tiền mặt
mua áo thun,128238,Mua sắm,expense,Ví điện tử
mua quần jean,635740,Mua sắm,expense,Thẻ ghi nợ
mua tai nghe,524656,Mua sắm,expense,Chuyển khoản
mua balo,486011,Mua sắm,expense,Thẻ ghi nợ
mua quần jean,283854,Mua sắm,expense,Chuyển khoản
mua balo,744766,Mua sắm,expense,Ví điện tử
mua tai nghe,69805,Mua sắm,expense,Thẻ tín dụng
mua balo,203639,Mua sắm,expense,Thẻ tín dụng
mua áo thun,504549,Mua sắm,expense,Thẻ tín dụng
mua balo,167216,Mua sắm,expense,Thẻ ghi nợ
mua tai nghe,548942,Mua sắm,expense,Thẻ tín dụng
mua giày sneaker,749554,Mua sắm,expense,Chuyển khoản
mua quần jean,565788,Mua sắm,expense,Thẻ ghi nợ
mua áo thun,668174,Mua sắm,expense,Ví điện tử
mua balo,130295,Mua sắm,expense,Chuyển khoản
mua balo,729153,Mua sắm,expense,Thẻ ghi nợ
mua balo,500323,Mua sắm,expense,Tiền mặt
mua balo,469125,Mua sắm,expense,Tiền mặt
mua balo,549041,Mua sắm,expense,Thẻ ghi nợ
mua tai nghe,185439,Mua sắm,expense,Thẻ ghi nợ
mua balo,395916,Mua sắm,expense,Thẻ tín dụng
mua tai nghe,201266,Mua sắm,expense,Ví điện tử
mua tai nghe,536592,Mua sắm,expense,Ví điện tử
mua quần jean,697482,Mua sắm,expense,Tiền mặt
mua tai nghe,611814,Mua sắm,expense,Thẻ tín dụng
mua áo thun,445646,Mua sắm,expense,Thẻ ghi nợ
mua giày sneaker,199958,Mua sắm,expense,Ví điện tử
mua áo thun,307404,Mua sắm,expense,Thẻ ghi nợ
mua giày sneaker,634011,Mua sắm,expense,Tiền mặt
mua tai nghe,741591,Mua sắm,expense,Thẻ ghi nợ
photo tài liệu,189023,Học tập,expense,Ví điện tử
mua tập,84801,Học tập,expense,Chuyển khoản
mua sách giáo trình,24362,Học tập,expense,Chuyển khoản
đóng tiền học thêm,138555,Học tập,expense,Ví điện tử
mua sách giáo trình,187626,Học tập,expense,Thẻ ghi nợ
photo tài liệu,145854,Học tập,expense,Tiền mặt
đóng tiền học thêm,167025,Học tập,expense,Ví điện tử
mua sách giáo trình,11565,Học tập,expense,Thẻ tín dụng
mua sách giáo trình,60945,Học tập,expense,Tiền mặt
photo tài liệu,141673,Học tập,expense,Ví điện tử
mua sách giáo trình,72814,Học tập,expense,Thẻ ghi nợ
mua sách giáo trình,42676,Học tập,expense,Tiền mặt
photo tài liệu,51891,Học tập,expense,Thẻ tín dụng
mua sách giáo trình,160735,Học tập,expense,Thẻ tín dụng
mua tập,72708,Học tập,expense,Ví điện tử
photo tài liệu,139023,Học tập,expense,Thẻ tín dụng
đóng tiền học thêm,178367,Học tập,expense,Thẻ ghi nợ
mua tập,38018,Học tập,expense,Ví điện tử
photo tài liệu,31167,Học tập,expense,Thẻ tín dụng
mua sách giáo trình,166447,Học tập,expense,Thẻ ghi nợ
photo tài liệu,40917,Học tập,expense,Tiền mặt
mua sách giáo trình,188826,Học tập,expense,Tiền mặt
mua tập,11935,Học tập,expense,Tiền mặt
mua sách giáo trình,9002,Học tập,expense,Chuyển khoản
đóng tiền học thêm,59803,Học tập,expense,Thẻ ghi nợ
mua tập,160908,Học tập,expense,Tiền mặt
đóng tiền học thêm,129130,Học tập,expense,Tiền mặt
photo tài liệu,92616,Học tập,expense,Chuyển khoản
đóng tiền học thêm,143535,Học tập,expense,Tiền mặt
mua tập,158838,Học tập,expense,Chuyển khoản
mua tập,124660,Học tập,expense,Thẻ tín dụng
đóng tiền học thêm,184291,Học tập,expense,Thẻ tín dụng
mua tập,177401,Học tập,expense,Thẻ tín dụng
mua tập,78897,Học tập,expense,Thẻ tín dụng
đóng tiền học thêm,9358,Học tập,expense,Tiền mặt
đóng tiền học thêm,102521,Học tập,expense,Ví điện tử
mua sách giáo trình,19943,Học tập,expense,Chuyển khoản
đóng tiền học thêm,23050,Học tập,expense,Thẻ ghi nợ
mua tập,22647,Học tập,expense,Tiền mặt
mua sách giáo trình,148801,Học tập,expense,Tiền mặt
photo tài liệu,46692,Học tập,expense,Ví điện tử
mua sách giáo trình,138834,Học tập,expense,Tiền mặt
mua tập,52802,Học tập,expense,Thẻ ghi nợ
mua tập,96151,Học tập,expense,Thẻ ghi nợ
đóng tiền học thêm,77165,Học tập,expense,Chuyển khoản
photo tài liệu,139341,Học tập,expense,Tiền mặt
mua tập,38325,Học tập,expense,Chuyển khoản
đóng tiền học thêm,93910,Học tập,expense,Ví điện tử
đóng tiền học thêm,185893,Học tập,expense,Ví điện tử
photo tài liệu,60030,Học tập,expense,Thẻ tín dụng
photo tài liệu,84598,Học tập,expense,Ví điện tử
mua sách giáo trình,151000,Học tập,expense,Tiền mặt
mua tập,198715,Học tập,expense,Chuyển khoản
photo tài liệu,8004,Học tập,expense,Thẻ ghi nợ
photo tài liệu,72604,Học tập,expense,Tiền mặt
photo tài liệu,165351,Học tập,expense,Thẻ ghi nợ
mua sách giáo trình,105124,Học tập,expense,Chuyển khoản
đóng tiền học thêm,127899,Học tập,expense,Tiền mặt
mua tập,36583,Học tập,expense,Chuyển khoản
mua tập,70307,Học tập,expense,Thẻ tín dụng
mua sách giáo trình,182124,Học tập,expense,Tiền mặt
mua sách giáo trình,148829,Học tập,expense,Chuyển khoản
mua sách giáo trình,162460,Học tập,expense,Tiền mặt
đóng tiền học thêm,140787,Học tập,expense,Thẻ ghi nợ
đóng tiền học thêm,158026,Học tập,expense,Thẻ ghi nợ
mua tập,101003,Học tập,expense,Chuyển khoản
đóng tiền học thêm,163351,Học tập,expense,Tiền mặt
photo tài liệu,77803,Học tập,expense,Thẻ ghi nợ
đóng tiền học thêm,159789,Học tập,expense,Tiền mặt
mua tập,163791,Học tập,expense,Thẻ tín dụng
mua sách giáo trình,114623,Học tập,expense,Ví điện tử
mua tập,161264,Học tập,expense,Thẻ tín dụng
mua tập,23356,Học tập,expense,Ví điện tử
photo tài liệu,14114,Học tập,expense,Thẻ ghi nợ
mua tập,76143,Học tập,expense,Thẻ ghi nợ
mua sách giáo trình,37661,Học tập,expense,Chuyển khoản
đóng tiền học thêm,137907,Học tập,expense,Thẻ tín dụng
đóng tiền học thêm,110239,Học tập,expense,Ví điện tử
mua tập,106004,Học tập,expense,Ví điện tử
photo tài liệu,32128,Học tập,expense,Ví điện tử
mua sách giáo trình,181356,Học tập,expense,Chuyển khoản
đóng tiền học thêm,144137,Học tập,expense,Thẻ ghi nợ
photo tài liệu,89712,Học tập,expense,Thẻ tín dụng
photo tài liệu,66526,Học tập,expense,Thẻ ghi nợ
mua sách giáo trình,156219,Học tập,expense,Tiền mặt
mua tập,45782,Học tập,expense,Chuyển khoản
đóng tiền học thêm,50003,Học tập,expense,Thẻ tín dụng
photo tài liệu,162743,Học tập,expense,Ví điện tử
mua sách giáo trình,180052,Học tập,expense,Thẻ tín dụng
mua tập,39002,Học tập,expense,Tiền mặt
mua sách giáo trình,140754,Học tập,expense,Ví điện tử
mua tập,139654,Học tập,expense,Thẻ ghi nợ
mua sách giáo trình,36571,Học tập,expense,Tiền mặt
mua tập,41976,Học tập,expense,Chuyển khoản
mua sách giáo trình,123692,Học tập,expense,Tiền mặt
mua sách giáo trình,33519,Học tập,expense,Chuyển khoản
mua sách giáo trình,183967,Học tập,expense,Chuyển khoản
đóng tiền học thêm,44673,Học tập,expense,Thẻ ghi nợ
mua sách giáo trình,137654,Học tập,expense,Tiền mặt
mua sách giáo trình,42595,Học tập,expense,Chuyển khoản
mua vitamin,474851,Sức khỏe,expense,Thẻ ghi nợ
mua thuốc cảm,264306,Sức khỏe,expense,Chuyển khoản
mua thuốc cảm,251818,Sức khỏe,expense,Ví điện tử
mua thuốc cảm,799064,Sức khỏe,expense,Ví điện tử
mua vitamin,155025,Sức khỏe,expense,Chuyển khoản
khám bệnh,858282,Sức khỏe,expense,Ví điện tử
khám bệnh,613930,Sức khỏe,expense,Thẻ ghi nợ
mua vitamin,124964,Sức khỏe,expense,Thẻ ghi nợ
mua vitamin,56673,Sức khỏe,expense,Ví điện tử
khám bệnh,735896,Sức khỏe,expense,Ví điện tử
mua khẩu trang,658967,Sức khỏe,expense,Chuyển khoản
mua khẩu trang,869245,Sức khỏe,expense,Chuyển khoản
khám bệnh,299274,Sức khỏe,expense,Thẻ tín dụng
mua thuốc cảm,674464,Sức khỏe,expense,Ví điện tử
mua vitamin,520198,Sức khỏe,expense,Thẻ ghi nợ
mua vitamin,622781,Sức khỏe,expense,Chuyển khoản
mua thuốc cảm,540249,Sức khỏe,expense,Chuyển khoản
mua vitamin,164033,Sức khỏe,expense,Thẻ ghi nợ
mua khẩu trang,994719,Sức khỏe,expense,Chuyển khoản
mua thuốc cảm,562498,Sức khỏe,expense,Ví điện tử
mua thuốc cảm,179490,Sức khỏe,expense,Thẻ ghi nợ
mua khẩu trang,376431,Sức khỏe,expense,Tiền mặt
khám bệnh,585369,Sức khỏe,expense,Ví điện tử
mua thuốc cảm,899883,Sức khỏe,expense,Chuyển khoản
mua vitamin,532433,Sức khỏe,expense,Thẻ tín dụng
mua vitamin,314585,Sức khỏe,expense,Thẻ tín dụng
mua vitamin,345710,Sức khỏe,expense,Tiền mặt
khám bệnh,145422,Sức khỏe,expense,Thẻ ghi nợ
khám bệnh,996302,Sức khỏe,expense,Thẻ ghi nợ
mua khẩu trang,563070,Sức khỏe,expense,Tiền mặt
mua khẩu trang,451702,Sức khỏe,expense,Ví điện tử
mua khẩu trang,184898,Sức khỏe,expense,Tiền mặt
mua thuốc cảm,335763,Sức khỏe,expense,Ví điện tử
khám bệnh,81070,Sức khỏe,expense,Thẻ tín dụng
khám bệnh,956855,Sức khỏe,expense,Ví điện tử
mua vitamin,245800,Sức khỏe,expense,Ví điện tử
khám bệnh,739379,Sức khỏe,expense,Chuyển khoản
mua khẩu trang,851408,Sức khỏe,expense,Thẻ tín dụng
mua thuốc cảm,349703,Sức khỏe,expense,Thẻ ghi nợ
mua vitamin,913753,Sức khỏe,expense,Ví điện tử
khám bệnh,837161,Sức khỏe,expense,Ví điện tử
mua vitamin,280832,Sức khỏe,expense,Ví điện tử
mua thuốc cảm,168835,Sức khỏe,expense,Chuyển khoản
khám bệnh,693961,Sức khỏe,expense,Thẻ tín dụng
mua khẩu trang,800605,Sức khỏe,expense,Chuyển khoản
mua khẩu trang,638101,Sức khỏe,expense,Thẻ ghi nợ
mua thuốc cảm,342120,Sức khỏe,expense,Chuyển khoản
mua khẩu trang,103438,Sức khỏe,expense,Chuyển khoản
khám bệnh,85676,Sức khỏe,expense,Tiền mặt
mua khẩu trang,503434,Sức khỏe,expense,Chuyển khoản
khám bệnh,790530,Sức khỏe,expense,Tiền mặt
khám bệnh,816576,Sức khỏe,expense,Thẻ tín dụng
mua vitamin,935146,Sức khỏe,expense,Ví điện tử
mua vitamin,929823,Sức khỏe,expense,Thẻ ghi nợ
mua thuốc cảm,691593,Sức khỏe,expense,Ví điện tử
mua vitamin,373682,Sức khỏe,expense,Thẻ ghi nợ
mua thuốc cảm,446630,Sức khỏe,expense,Thẻ tín dụng
mua khẩu trang,58403,Sức khỏe,expense,Thẻ tín dụng
mua thuốc cảm,622063,Sức khỏe,expense,Thẻ ghi nợ
khám bệnh,917814,Sức khỏe,expense,Tiền mặt
mua thuốc cảm,589630,Sức khỏe,expense,Thẻ tín dụng
mua khẩu trang,534539,Sức khỏe,expense,Tiền mặt
khám bệnh,589915,Sức khỏe,expense,Thẻ tín dụng
mua thuốc cảm,960302,Sức khỏe,expense,Tiền mặt
mua khẩu trang,941521,Sức khỏe,expense,Thẻ tín dụng
mua vitamin,474765,Sức khỏe,expense,Thẻ tín dụng
mua vitamin,538706,Sức khỏe,expense,Tiền mặt
mua thuốc cảm,463587,Sức khỏe,expense,Tiền mặt
mua vitamin,169595,Sức khỏe,expense,Thẻ ghi nợ
mua khẩu trang,260645,Sức khỏe,expense,Thẻ ghi nợ
khám bệnh,168140,Sức khỏe,expense,Tiền mặt
mua vitamin,942275,Sức khỏe,expense,Thẻ tín dụng
mua khẩu trang,421375,Sức khỏe,expense,Tiền mặt
mua vitamin,451151,Sức khỏe,expense,Thẻ ghi nợ
mua thuốc cảm,55292,Sức khỏe,expense,Thẻ tín dụng
mua vitamin,605480,Sức khỏe,expense,Tiền mặt
khám bệnh,549692,Sức khỏe,expense,Chuyển khoản
mua vitamin,547820,Sức khỏe,expense,Tiền mặt
mua vitamin,477572,Sức khỏe,expense,Ví điện tử
khám bệnh,162961,Sức khỏe,expense,Thẻ ghi nợ
mua khẩu trang,237782,Sức khỏe,expense,Thẻ tín dụng
mua vitamin,704891,Sức khỏe,expense,Thẻ ghi nợ
mua vitamin,329512,Sức khỏe,expense,Tiền mặt
mua vitamin,476893,Sức khỏe,expense,Ví điện tử
mua thuốc cảm,800512,Sức khỏe,expense,Tiền mặt
mua khẩu trang,245332,Sức khỏe,expense,Ví điện tử
mua khẩu trang,509560,Sức khỏe,expense,Ví điện tử
khám bệnh,822337,Sức khỏe,expense,Chuyển khoản
mua thuốc cảm,828288,Sức khỏe,expense,Thẻ tín dụng
mua vitamin,259035,Sức khỏe,expense,Chuyển khoản
mua thuốc cảm,85193,Sức khỏe,expense,Thẻ tín dụng
mua khẩu trang,631612,Sức khỏe,expense,Thẻ tín dụng
mua vitamin,809472,Sức khỏe,expense,Chuyển khoản
khám bệnh,603920,Sức khỏe,expense,Tiền mặt
mua thuốc cảm,951866,Sức khỏe,expense,Ví điện tử
mua thuốc cảm,155588,Sức khỏe,expense,Ví điện tử
khám bệnh,63608,Sức khỏe,expense,Tiền mặt
mua khẩu trang,624855,Sức khỏe,expense,Tiền mặt
mua vitamin,169090,Sức khỏe,expense,Thẻ ghi nợ
mua khẩu trang,688316,Sức khỏe,expense,Tiền mặt
mua nước rửa chén,2928223,Nhà ở,expense,Thẻ tín dụng
tiền nhà tháng,3302686,Nhà ở,expense,Ví điện tử
tiền nhà tháng,2861947,Nhà ở,expense,Thẻ ghi nợ
điện nước tháng,2395530,Nhà ở,expense,Chuyển khoản
điện nước tháng,3164268,Nhà ở,expense,Chuyển khoản
mua nước rửa chén,3224417,Nhà ở,expense,Chuyển khoản
tiền nhà tháng,1790213,Nhà ở,expense,Thẻ tín dụng
điện nước tháng,1214049,Nhà ở,expense,Tiền mặt
mua nước rửa chén,1601444,Nhà ở,expense,Thẻ ghi nợ
mua nước rửa chén,1772374,Nhà ở,expense,Ví điện tử
tiền nhà tháng,2335767,Nhà ở,expense,Thẻ ghi nợ
mua nước rửa chén,1472119,Nhà ở,expense,Thẻ ghi nợ
tiền nhà tháng,2982049,Nhà ở,expense,Tiền mặt
mua nước rửa chén,1322863,Nhà ở,expense,Tiền mặt
mua nước rửa chén,3201742,Nhà ở,expense,Thẻ tín dụng
tiền nhà tháng,1301064,Nhà ở,expense,Tiền mặt
điện nước tháng,3492318,Nhà ở,expense,Tiền mặt
mua nước rửa chén,1519273,Nhà ở,expense,Tiền mặt
mua nước rửa chén,3105677,Nhà ở,expense,Ví điện tử
mua đồ sinh hoạt,1849139,Nhà ở,expense,Ví điện tử
mua nước rửa chén,2427435,Nhà ở,expense,Chuyển khoản
điện nước tháng,2526988,Nhà ở,expense,Thẻ ghi nợ
tiền nhà tháng,1734341,Nhà ở,expense,Ví điện tử
mua nước rửa chén,2264916,Nhà ở,expense,Ví điện tử
mua đồ sinh hoạt,1155647,Nhà ở,expense,Thẻ ghi nợ
mua nước rửa chén,1551480,Nhà ở,expense,Ví điện tử
điện nước tháng,1947029,Nhà ở,expense,Ví điện tử
tiền nhà tháng,1541834,Nhà ở,expense,Tiền mặt
điện nước tháng,2012254,Nhà ở,expense,Thẻ ghi nợ
tiền nhà tháng,1830549,Nhà ở,expense,Chuyển khoản
mua đồ sinh hoạt,1709708,Nhà ở,expense,Chuyển khoản
mua đồ sinh hoạt,1440651,Nhà ở,expense,Thẻ tín dụng
điện nước tháng,3461892,Nhà ở,expense,Tiền mặt
mua đồ sinh hoạt,1987531,Nhà ở,expense,Thẻ tín dụng
mua nước rửa chén,2853002,Nhà ở,expense,Tiền mặt
điện nước tháng,3358592,Nhà ở,expense,Tiền mặt
mua đồ sinh hoạt,2791743,Nhà ở,expense,Tiền mặt
tiền nhà tháng,3064884,Nhà ở,expense,Thẻ ghi nợ
mua nước rửa chén,2284812,Nhà ở,expense,Thẻ ghi nợ
tiền nhà tháng,2343133,Nhà ở,expense,Thẻ ghi nợ
tiền nhà tháng,3238616,Nhà ở,expense,Chuyển khoản
điện nước tháng,1722495,Nhà ở,expense,Tiền mặt
mua nước rửa chén,1286787,Nhà ở,expense,Thẻ ghi nợ
mua đồ sinh hoạt,2902031,Nhà ở,expense,Thẻ ghi nợ
tiền nhà tháng,2863063,Nhà ở,expense,Thẻ ghi nợ
mua đồ sinh hoạt,1405002,Nhà ở,expense,Thẻ ghi nợ
điện nước tháng,1833737,Nhà ở,expense,Ví điện tử
tiền nhà tháng,2214371,Nhà ở,expense,Tiền mặt
mua nước rửa chén,1281442,Nhà ở,expense,Thẻ tín dụng
mua nước rửa chén,1822247,Nhà ở,expense,Chuyển khoản
mua nước rửa chén,2144206,Nhà ở,expense,Chuyển khoản
mua nước rửa chén,1880033,Nhà ở,expense,Tiền mặt
tiền nhà tháng,2950463,Nhà ở,expense,Thẻ ghi nợ
tiền nhà tháng,1863353,Nhà ở,expense,Chuyển khoản
điện nước tháng,2053857,Nhà ở,expense,Ví điện tử
mua đồ sinh hoạt,1488159,Nhà ở,expense,Tiền mặt
điện nước tháng,1154143,Nhà ở,expense,Thẻ tín dụng
điện nước tháng,2360458,Nhà ở,expense,Chuyển khoản
tiền nhà tháng,2627045,Nhà ở,expense,Chuyển khoản
mua nước rửa chén,2590045,Nhà ở,expense,Tiền mặt
mua đồ sinh hoạt,1694482,Nhà ở,expense,Tiền mặt
tiền nhà tháng,1204764,Nhà ở,expense,Chuyển khoản
tiền nhà tháng,1329129,Nhà ở,expense,Tiền mặt
mua nước rửa chén,1610188,Nhà ở,expense,Ví điện tử
tiền nhà tháng,1935311,Nhà ở,expense,Tiền mặt
mua nước rửa chén,1820146,Nhà ở,expense,Ví điện tử
điện nước tháng,3347480,Nhà ở,expense,Tiền mặt
tiền nhà tháng,3094300,Nhà ở,expense,Tiền mặt
mua nước rửa chén,2135855,Nhà ở,expense,Thẻ tín dụng
điện nước tháng,2127979,Nhà ở,expense,Thẻ tín dụng
điện nước tháng,3281460,Nhà ở,expense,Ví điện tử
mua nước rửa chén,2044127,Nhà ở,expense,Tiền mặt
mua nước rửa chén,3151240,Nhà ở,expense,Ví điện tử
mua đồ sinh hoạt,1298963,Nhà ở,expense,Ví điện tử
tiền nhà tháng,2527807,Nhà ở,expense,Chuyển khoản
điện nước tháng,2685348,Nhà ở,expense,Ví điện tử
tiền nhà tháng,1823699,Nhà ở,expense,Thẻ tín dụng
mua nước rửa chén,2322106,Nhà ở,expense,Ví điện tử
điện nước tháng,1101064,Nhà ở,expense,Ví điện tử
mua đồ sinh hoạt,3126788,Nhà ở,expense,Thẻ ghi nợ
mua nước rửa chén,2744151,Nhà ở,expense,Tiền mặt
mua đồ sinh hoạt,1608834,Nhà ở,expense,Chuyển khoản
điện nước tháng,2494725,Nhà ở,expense,Thẻ ghi nợ
tiền nhà tháng,1732626,Nhà ở,expense,Thẻ tín dụng
mua nước rửa chén,1005616,Nhà ở,expense,Tiền mặt
điện nước tháng,2914423,Nhà ở,expense,Tiền mặt
tiền nhà tháng,3395510,Nhà ở,expense,Ví điện tử
điện nước tháng,2438334,Nhà ở,expense,Ví điện tử
điện nước tháng,3433517,Nhà ở,expense,Tiền mặt
điện nước tháng,1147968,Nhà ở,expense,Thẻ ghi nợ
mua đồ sinh hoạt,1554939,Nhà ở,expense,Thẻ tín dụng
tiền nhà tháng,1085279,Nhà ở,expense,Thẻ tín dụng
tiền nhà tháng,2993949,Nhà ở,expense,Chuyển khoản
mua đồ sinh hoạt,1945250,Nhà ở,expense,Tiền mặt
điện nước tháng,3417286,Nhà ở,expense,Thẻ tín dụng
mua đồ sinh hoạt,2372242,Nhà ở,expense,Tiền mặt
mua nước rửa chén,1915268,Nhà ở,expense,Chuyển khoản
mua đồ sinh hoạt,1652271,Nhà ở,expense,Thẻ tín dụng
tiền nhà tháng,2991706,Nhà ở,expense,Ví điện tử
mua đồ sinh hoạt,3483381,Nhà ở,expense,Tiền mặt
nạp thẻ điện thoại,138000,Khác (expense),expense,Thẻ ghi nợ
mua quà,66296,Khác (expense),expense,Chuyển khoản
đóng tiền clb,76134,Khác (expense),expense,Thẻ ghi nợ
mua quà,16820,Khác (expense),expense,Tiền mặt
mua quà,119629,Khác (expense),expense,Thẻ ghi nợ
mua quà,98493,Khác (expense),expense,Tiền mặt
nạp thẻ điện thoại,145113,Khác (expense),expense,Thẻ ghi nợ
chi linh tinh,61363,Khác (expense),expense,Tiền mặt
đóng tiền clb,32071,Khác (expense),expense,Chuyển khoản
chi linh tinh,190413,Khác (expense),expense,Ví điện tử
mua quà,145748,Khác (expense),expense,Tiền mặt
chi linh tinh,67052,Khác (expense),expense,Tiền mặt
chi linh tinh,152846,Khác (expense),expense,Thẻ ghi nợ
đóng tiền clb,50295,Khác (expense),expense,Tiền mặt
mua quà,141428,Khác (expense),expense,Ví điện tử
chi linh tinh,87126,Khác (expense),expense,Thẻ ghi nợ
đóng tiền clb,138079,Khác (expense),expense,Tiền mặt
chi linh tinh,185749,Khác (expense),expense,Tiền mặt
đóng tiền clb,11588,Khác (expense),expense,Thẻ tín dụng
mua quà,29007,Khác (expense),expense,Chuyển khoản
đóng tiền clb,40808,Khác (expense),expense,Thẻ tín dụng
chi linh tinh,51186,Khác (expense),expense,Thẻ tín dụng
đóng tiền clb,53049,Khác (expense),expense,Chuyển khoản
đóng tiền clb,181437,Khác (expense),expense,Thẻ ghi nợ
đóng tiền clb,93006,Khác (expense),expense,Tiền mặt
nạp thẻ điện thoại,12223,Khác (expense),expense,Thẻ ghi nợ
nạp thẻ điện thoại,31940,Khác (expense),expense,Tiền mặt
mua quà,116483,Khác (expense),expense,Chuyển khoản
nạp thẻ điện thoại,160353,Khác (expense),expense,Thẻ tín dụng
đóng tiền clb,133116,Khác (expense),expense,Tiền mặt
mua quà,195698,Khác (expense),expense,Tiền mặt
đóng tiền clb,71344,Khác (expense),expense,Chuyển khoản
nạp thẻ điện thoại,173546,Khác (expense),expense,Thẻ tín dụng
đóng tiền clb,46925,Khác (expense),expense,Tiền mặt
mua quà,174343,Khác (expense),expense,Ví điện tử
mua quà,67559,Khác (expense),expense,Thẻ tín dụng
nạp thẻ điện thoại,113546,Khác (expense),expense,Thẻ ghi nợ
chi linh tinh,64359,Khác (expense),expense,Ví điện tử
đóng tiền clb,75019,Khác (expense),expense,Thẻ tín dụng
nạp thẻ điện thoại,73540,Khác (expense),expense,Thẻ tín dụng
chi linh tinh,176833,Khác (expense),expense,Ví điện tử
mua quà,87396,Khác (expense),expense,Tiền mặt
chi linh tinh,94718,Khác (expense),expense,Thẻ ghi nợ
mua quà,98105,Khác (expense),expense,Ví điện tử
nạp thẻ điện thoại,71085,Khác (expense),expense,Thẻ ghi nợ
chi linh tinh,99016,Khác (expense),expense,Thẻ ghi nợ
chi linh tinh,191485,Khác (expense),expense,Thẻ ghi nợ
mua quà,33947,Khác (expense),expense,Thẻ tín dụng
mua quà,14815,Khác (expense),expense,Ví điện tử
đóng tiền clb,78747,Khác (expense),expense,Thẻ ghi nợ
bán đồ cũ,6558517,Lương,income,
nhận học bổng,10246982,Lương,income,
nhận học bổng,6576888,Lương,income,
nhận học bổng,6964141,Lương,income,
ba gửi tiền,7966582,Lương,income,
ba gửi tiền,9664044,Lương,income,
lương tháng,5139001,Lương,income,
ba gửi tiền,7981163,Lương,income,
nhận học bổng,10151820,Lương,income,
nhận học bổng,9714972,Lương,income,
ba gửi tiền,9607775,Lương,income,
lương tháng,6538768,Lương,income,
lương tháng,7246912,Lương,income,
mẹ chuyển tiền,5197720,Lương,income,
được thưởng,10552273,Lương,income,
mẹ chuyển tiền,3442323,Lương,income,
nhận học bổng,9195555,Lương,income,
nhận học bổng,5060064,Lương,income,
được thưởng,8839680,Lương,income,
nhận học bổng,7214852,Lương,income,
được thưởng,4371546,Lương,income,
ba gửi tiền,10202951,Lương,income,
ba gửi tiền,10835417,Lương,income,
bán đồ cũ,4190966,Lương,income,
được thưởng,7581629,Lương,income,
nhận học bổng,6847082,Lương,income,
bán đồ cũ,7620042,Lương,income,
bán đồ cũ,5378113,Lương,income,
ba gửi tiền,11128197,Lương,income,
mẹ chuyển tiền,6250853,Lương,income,
ba gửi tiền,11242048,Lương,income,
bán đồ cũ,4533375,Lương,income,
ba gửi tiền,9519519,Lương,income,
ba gửi tiền,11239620,Lương,income,
ba gửi tiền,10006483,Lương,income,
mẹ chuyển tiền,10780765,Lương,income,
nhận học bổng,6046459,Lương,income,
ba gửi tiền,9554586,Lương,income,
ba gửi tiền,6382573,Lương,income,
mẹ chuyển tiền,6990026,Lương,income,
lương tháng,4373526,Lương,income,
nhận học bổng,9012692,Lương,income,
lương tháng,9116084,Lương,income,
mẹ chuyển tiền,4123195,Lương,income,
lương tháng,4535591,Lương,income,
mẹ chuyển tiền,8275423,Lương,income,
mẹ chuyển tiền,9377827,Lương,income,
bán đồ cũ,3740178,Lương,income,
bán đồ cũ,5118088,Lương,income,
bán đồ cũ,3466703,Lương,income,
lương tháng,1018936,Học bổng,income,
nhận học bổng,1533464,Học bổng,income,
lương tháng,2500580,Học bổng,income,
được thưởng,1950427,Học bổng,income,
bán đồ cũ,1520087,Học bổng,income,
được thưởng,1734319,Học bổng,income,
được thưởng,2879080,Học bổng,income,
nhận học bổng,2708936,Học bổng,income,
nhận học bổng,1849644,Học bổng,income,
được thưởng,2849924,Học bổng,income,
mẹ chuyển tiền,1929228,Học bổng,income,
ba gửi tiền,891191,Học bổng,income,
lương tháng,1931492,Học bổng,income,
mẹ chuyển tiền,2256349,Học bổng,income,
bán đồ cũ,1490370,Học bổng,income,
bán đồ cũ,2880048,Học bổng,income,
nhận học bổng,1766252,Học bổng,income,
bán đồ cũ,1500525,Học bổng,income,
mẹ chuyển tiền,1178280,Học bổng,income,
được thưởng,2055112,Học bổng,income,
bán đồ cũ,2044585,Học bổng,income,
mẹ chuyển tiền,1398989,Học bổng,income,
bán đồ cũ,2343330,Học bổng,income,
được thưởng,2234130,Học bổng,income,
được thưởng,2166725,Học bổng,income,
ba gửi tiền,1810114,Học bổng,income,
được thưởng,1184985,Học bổng,income,
nhận học bổng,1495857,Học bổng,income,
lương tháng,1543888,Học bổng,income,
nhận học bổng,1612264,Học bổng,income,
ba gửi tiền,2248179,Học bổng,income,
mẹ chuyển tiền,2652400,Học bổng,income,
lương tháng,1326793,Học bổng,income,
được thưởng,976949,Học bổng,income,
bán đồ cũ,2945012,Học bổng,income,
lương tháng,1983288,Học bổng,income,
nhận học bổng,2895108,Học bổng,income,
mẹ chuyển tiền,1455932,Học bổng,income,
bán đồ cũ,2468976,Học bổng,income,
ba gửi tiền,1900423,Học bổng,income,
bán đồ cũ,2740860,Thưởng,income,
lương tháng,852079,Thưởng,income,
ba gửi tiền,1646652,Thưởng,income,
nhận học bổng,1699203,Thưởng,income,
bán đồ cũ,832072,Thưởng,income,
nhận học bổng,2090117,Thưởng,income,
bán đồ cũ,1570232,Thưởng,income,
nhận học bổng,787972,Thưởng,income,
nhận học bổng,2945117,Thưởng,income,
mẹ chuyển tiền,794902,Thưởng,income,
ba gửi tiền,2595506,Thưởng,income,
bán đồ cũ,633990,Thưởng,income,
lương tháng,2293522,Thưởng,income,
nhận học bổng,686936,Thưởng,income,
lương tháng,920886,Thưởng,income,
được thưởng,1316743,Thưởng,income,
bán đồ cũ,1004184,Thưởng,income,
mẹ chuyển tiền,2884233,Thưởng,income,
lương tháng,1522434,Thưởng,income,
bán đồ cũ,1995701,Thưởng,income,
ba gửi tiền,2402722,Thưởng,income,
mẹ chuyển tiền,1174104,Thưởng,income,
được thưởng,987754,Thưởng,income,
mẹ chuyển tiền,1382444,Thưởng,income,
nhận học bổng,1321003,Thưởng,income,
nhận học bổng,1506789,Thưởng,income,
mẹ chuyển tiền,1207444,Thưởng,income,
được thưởng,796291,Thưởng,income,
lương tháng,2744655,Thưởng,income,
nhận học bổng,2459343,Thưởng,income,
nhận học bổng,2094048,Khác (income),income,
được thưởng,1298081,Khác (income),income,
nhận học bổng,2156381,Khác (income),income,
nhận học bổng,4150758,Khác (income),income,
nhận học bổng,1714166,Khác (income),income,
nhận học bổng,3380044,Khác (income),income,
được thưởng,1137258,Khác (income),income,
được thưởng,311977,Khác (income),income,
nhận học bổng,899862,Khác (income),income,
được thưởng,4125801,Khác (income),income,
mẹ chuyển tiền,3137489,Khác (income),income,
mẹ chuyển tiền,3506150,Khác (income),income,
bán đồ cũ,4796305,Khác (income),income,
bán đồ cũ,2285455,Khác (income),income,
được thưởng,4242772,Khác (income),income,
ba gửi tiền,4353454,Khác (income),income,
nhận học bổng,4623938,Khác (income),income,
bán đồ cũ,2095777,Khác (income),income,
bán đồ cũ,4096893,Khác (income),income,
được thưởng,3433516,Khác (income),income,
